timestamp,relative_time_sec,bandwidth_mbps,rtt_ms
1772573177.9871476,64.7214,99.3,8.1015
1772573178.9855895,65.7198,93.8,7.2116
1772573179.9868646,66.7211,93.8,8.3779
1772573180.988779,67.723,97.0,10.4525
1772573181.9870768,68.7213,93.8,8.6248
1772573182.985932,69.7202,93.8,7.605
1772573183.9870372,70.7213,93.8,8.7246
1772573184.9876282,71.7219,93.8,9.3957
1772573185.9863636,72.7206,93.8,8.0388
1772573186.9887471,73.723,93.8,10.3165
1772573187.9874775,74.7217,93.8,9.0818
1772573188.987228,75.7215,97.0,8.9208
1772573189.9882803,76.7225,93.8,10.0009
1772573190.9865067,77.7208,93.8,8.0582
1772573191.9867916,78.721,93.8,8.3897
1772573192.9885566,79.7228,93.8,10.21
1772573193.9893775,80.7236,93.8,11.1559
1772573194.9891787,81.7234,97.5,11.0062
1772573195.991668,82.7259,93.3,13.3178
1772573196.9922957,83.7265,93.8,14.0155
1772573197.9843094,84.7186,97.5,5.8814
1772573198.9905708,85.7248,93.8,12.3345
1772573199.9858274,86.7201,93.8,7.6654
1772573200.9854555,87.7197,94.9,7.2392
1772573201.9877036,88.722,92.8,9.315
1772573202.986894,89.7211,93.8,8.6139
1772573203.9839756,90.7182,94.9,5.6495
1772573204.9884396,91.7227,93.8,10.002
1772573205.9894664,92.7237,93.3,11.195
1772573206.9913368,93.7256,94.4,13.0963
1772573207.9881577,94.7224,93.3,9.9125
1772573208.9858975,95.7201,94.9,7.5712
1772573209.9878066,96.7221,94.4,9.4446
1772573210.990848,97.7251,94.9,12.5114
1772573211.989425,98.7237,94.9,11.1397
1772573212.9889977,99.7232,93.3,10.543
1772573213.9876003,100.7218,94.4,9.3157
1772573214.9847827,101.719,93.8,6.6864
1772573215.9868913,102.7211,95.4,8.4562
1772573216.987745,103.722,93.8,9.396
1772573217.9897351,104.724,94.3,10.5295
1772573218.9880676,105.7223,92.3,9.69
1772573219.9887145,106.723,93.3,10.4844
1772573220.9884906,107.7227,93.3,10.3854
1772573221.9873698,108.7216,96.4,8.9334
1772573222.9892201,109.7235,92.3,10.7486
1772573223.9878495,110.7221,95.9,9.4383
1772573224.9854252,111.7197,95.9,6.7115
1772573225.986551,112.7208,93.3,8.2631
1772573226.9874985,113.7217,92.3,9.2728
1772573227.9892945,114.7235,92.8,10.7055
1772573228.9880064,115.7223,97.0,9.657
1772573229.9873888,116.7216,90.7,9.1121
1772573230.9919055,117.7262,94.9,13.1974
1772573231.9877274,118.722,97.4,8.9904
1772573232.9879217,119.7222,92.3,9.4515
1772573233.9891973,120.7234,93.3,10.7976
1772573234.9859104,121.7202,95.4,7.5656
1772573235.9874218,122.7217,94.4,9.0985
1772573236.9874651,123.7217,92.3,8.6658
1772573237.9871933,124.7214,96.4,8.7493
1772573238.9885356,125.7228,94.4,10.2322
1772573239.9893353,126.7236,93.8,11.0498
1772573240.9877596,127.722,93.3,9.3393
1772573241.9882572,128.7225,92.3,9.8956
1772573242.9881604,129.7224,93.8,9.723
1772573243.989408,130.7237,95.9,10.9655
1772573244.9875257,131.7218,93.8,9.2821
1772573245.9878469,132.7221,95.4,9.4818
1772573246.9878318,133.7221,92.8,9.4474
1772573247.9870453,134.7213,95.9,8.8211
1772573248.9894922,135.7237,91.7,11.2157
1772573249.9896111,136.7239,97.0,11.3231
1772573250.9885926,137.7228,93.8,10.1164
1772573251.9890134,138.7233,92.8,10.6566
1772573252.9893246,139.7236,95.9,10.8597
1772573253.9893742,140.7236,92.3,10.8983
1772573254.9879768,141.7222,92.8,9.6943
1772573255.9897048,142.724,95.9,11.359
1772573256.9854617,143.7197,92.8,7.1609
1772573257.987517,144.7218,94.9,9.1331
1772573258.9892235,145.7235,92.3,10.7528
1772573259.9879398,146.7222,94.4,9.462
1772573260.9904516,147.7247,97.0,12.0007
1772573261.9895446,148.7238,90.2,10.6909
1772573262.990533,149.7248,94.4,11.667
1772573263.99038,150.7246,97.5,12.0788
1772573264.98897,151.7232,91.2,10.6611
1772573265.989341,152.7236,93.8,10.8822
1772573266.9895492,153.7238,94.3,11.0341
1772573267.9899452,154.7242,95.4,11.3838
1772573268.9905374,155.7248,92.2,11.8662
1772573269.9893684,156.7236,94.4,11.0885
1772573270.989169,157.7234,97.5,10.9549
1772573271.9897172,158.724,92.8,11.4736
1772573272.9896119,159.7239,93.8,11.2695
1772573273.9908545,160.7251,93.3,12.4341
1772573274.990043,161.7243,94.9,11.5849
1772573275.9898667,162.7241,93.8,11.5529
1772573276.9887474,163.723,93.8,10.5168
1772573277.9912891,164.7255,92.8,12.8759
1772573278.9892075,165.7235,94.4,10.866
1772573279.9906614,166.7249,93.3,11.8844
1772573280.9917986,167.726,94.9,12.7733
1772573281.9890444,168.7233,94.9,10.661
1772573282.9890606,169.7233,92.8,10.6922
1772573283.989408,170.7237,94.4,10.8611
1772573284.9912848,171.7255,97.0,12.7584
1772573285.9888742,172.7231,92.8,10.4651
1772573286.9905684,173.7248,92.8,12.217
1772573287.9891548,174.7234,97.0,10.8236
1772573288.9912279,175.7255,92.8,12.7236
1772573289.990215,176.7245,95.4,11.8511
1772573290.9901843,177.7244,93.8,11.555
1772573291.991573,178.7258,94.9,13.02
1772573292.989226,179.7235,92.3,10.7803
1772573293.9896247,180.7239,93.8,11.1339
1772573294.987052,181.7213,93.3,8.6266
1772573295.9906328,182.7249,95.9,12.2082
1772573296.9889166,183.7232,92.3,10.3716
1772573297.9904752,184.7247,92.8,11.625
1772573298.9881237,185.7224,95.9,10.1169
1772573299.990837,186.7251,95.9,12.1395
1772573300.9914727,187.7257,92.3,12.8181
1772573301.9899385,188.7242,96.4,11.5156
1772573302.98871,189.723,92.3,10.3786
1772573303.9895313,190.7238,93.8,11.1443
1772573304.9875565,191.7218,95.9,9.2139
1772573305.9897358,192.724,91.2,11.2607
1772573306.9900928,193.7243,96.4,11.7739
1772573307.9904041,194.7247,93.3,11.9897
1772573308.989504,195.7238,93.3,11.0938
1772573309.9900339,196.7243,94.4,11.6651
1772573310.9883244,197.7226,94.9,10.0038
1772573311.9894588,198.7237,93.8,10.9949
1772573312.9895234,199.7238,92.8,11.1795
1772573313.9904552,200.7247,94.9,12.0108
1772573314.9908884,201.7251,94.9,12.3632
1772573315.9898229,202.7241,92.3,11.4664
1772573316.9898498,203.7241,93.8,11.0865
1772573317.9900048,204.7243,97.0,11.5611
1772573318.9913223,205.7256,93.8,12.8312
1772573319.989338,206.7236,93.3,10.8889
1772573320.9901822,207.7244,95.4,11.7224
1772573321.9881864,208.7224,93.3,9.6826
1772573322.9883385,209.7226,92.8,9.9552
1772573323.9892292,210.7235,94.9,10.9874
1772573324.9888964,211.7231,93.8,10.6176
1772573325.9884775,212.7227,94.3,10.1167
1772573326.9893477,213.7236,92.8,10.9203
1772573327.9892416,214.7235,97.5,10.9761
1772573328.9882998,215.7225,94.9,10.0063
1772573329.9892151,216.7235,90.2,10.9016
1772573330.9889758,217.7232,93.8,10.6422
1772573331.9902916,218.7245,95.9,12.074
1772573332.9883437,219.7226,92.8,9.9402
1772573333.9895763,220.7238,95.4,11.0935
1772573334.991417,221.7257,93.8,13.0455
1772573335.9900258,222.7243,96.4,11.7397
1772573336.9885142,223.7228,92.3,10.1484
1772573337.9911003,224.7253,95.9,12.7131
1772573338.989065,225.7233,93.3,10.7414
1772573339.9875753,226.7218,94.9,9.1503
1772573340.9923725,227.7266,91.2,13.8479
1772573341.9888713,228.7231,94.4,10.4827
1772573342.987662,229.7219,94.9,9.1519
1772573343.9893918,230.7236,95.4,10.9606
1772573344.9919016,231.7262,92.3,13.3759
1772573345.9922757,232.7265,95.4,13.7965
1772573346.9886193,233.7229,92.8,10.2451
1772573347.9876814,234.7219,95.9,9.2455
1772573348.989425,235.7237,92.8,11.0246
1772573349.989918,236.7242,92.8,11.4984
1772573350.9907892,237.725,94.9,12.142
1772573351.991819,238.7261,96.4,13.2125
1772573352.9898396,239.7241,94.9,11.1987
1772573353.991103,240.7254,90.7,12.6608
1772573354.9891925,241.7234,97.0,10.706
1772573355.99078,242.725,93.8,12.3366
1772573356.9911706,243.7254,94.9,12.6318
1772573357.9892516,244.7235,91.7,10.8746
1772573358.988787,245.723,92.8,9.9256
1772573359.9908075,246.7251,98.5,11.4816
1772573360.9876235,247.7219,91.3,9.1128
1772573361.9912598,248.7255,95.9,12.8727
1772573362.9913676,249.7256,94.4,12.5884
1772573363.9917896,250.726,93.8,13.1649
1772573364.9896169,251.7239,93.8,11.0491
1772573365.9905233,252.7248,94.9,12.2046
1772573366.9908774,253.7251,91.2,12.3983
1772573367.9898157,254.7241,93.3,11.1503
1772573368.989799,255.724,97.5,11.4954
1772573369.9906418,256.7249,94.9,12.1147
1772573370.9887831,257.723,92.8,10.5369
1772573371.9889333,258.7232,92.3,10.5839
1772573372.9901829,259.7244,97.0,11.7894
1772573373.988598,260.7228,90.7,10.336
1772573374.990592,261.7248,96.4,12.3345
1772573375.9898193,262.7241,94.4,11.5547
1772573376.9905648,263.7248,92.8,12.1386
1772573377.9910388,264.7253,92.8,12.6432
1772573378.9897707,265.724,96.4,11.5227
1772573379.990161,266.7244,92.8,11.7983
1772573380.9899914,267.7242,95.9,11.7377
1772573381.9869516,268.7212,94.9,8.757
1772573382.9887366,269.723,93.3,10.4545
1772573383.9899638,270.7242,94.4,11.7613
1772573384.9879823,271.7222,94.9,9.6332
1772573385.989225,272.7235,92.3,10.9519
1772573386.9882944,273.7225,93.8,10.0727
1772573387.9888222,274.7231,93.8,10.447
1772573388.9897811,275.724,95.9,11.4899
1772573389.9899936,276.7242,93.8,12.0043
1772573390.9904265,277.7247,94.3,12.0344
1772573391.9854577,278.7197,93.3,7.3176
1772573392.987152,279.7214,95.9,8.8103
1772573393.9881384,280.7224,90.2,9.9045
1772573394.9864337,281.7207,97.5,8.1994
1772573395.9884105,282.7227,91.7,10.0175
1772573396.9879668,283.7222,95.4,9.713
1772573397.9871562,284.7214,93.3,8.4968
1772573398.988714,285.723,92.8,10.0252
1772573399.988911,286.7232,97.5,10.6749
1772573400.9873488,287.7216,92.3,8.9697
1772573401.9899385,288.7242,94.9,11.6957
1772573402.987193,289.7214,95.4,8.7721
1772573403.9883258,290.7226,93.3,10.058
1772573404.989015,291.7233,94.9,10.8061
1772573405.987697,292.7219,91.7,9.229
1772573406.9903927,293.7246,93.3,12.0621
1772573407.990232,294.7245,95.9,11.9914
1772573408.9888225,295.7231,93.3,10.5635
1772573409.989372,296.7236,95.4,10.9634
1772573410.9873638,297.7216,95.4,8.409
1772573411.984983,298.7192,94.3,6.5953
1772573412.990292,299.7245,93.8,11.8186
1772573413.9894485,300.7237,90.7,10.9759
1772573414.9895394,301.7238,94.3,10.9396
1772573415.9877412,302.722,95.9,9.1629
1772573416.9883127,303.7226,93.3,9.8792
1772573417.9873333,304.7216,92.8,8.7971
1772573418.989419,305.7237,97.5,11.0817
1772573419.990415,306.7247,93.8,12.0769
1772573420.9878538,307.7221,91.2,9.4861
1772573421.9903007,308.7245,97.5,12.2243
1772573422.987884,309.7221,91.2,9.4806
1772573423.989415,310.7237,97.5,10.9716
1772573424.986674,311.7209,92.3,8.3527
1772573425.9878469,312.7221,92.3,8.8837
1772573426.9849582,313.7192,98.5,6.0023
1772573427.987072,314.7213,90.7,8.6753
1772573428.9903975,315.7246,95.4,12.1002
1772573429.989809,316.7241,93.8,11.4784
1772573430.988569,317.7228,94.4,10.2047
1772573431.9906752,318.7249,92.2,11.9077
1772573432.9870245,319.7213,96.5,8.7099
1772573433.9890578,320.7233,94.9,10.641
1772573434.9897785,321.724,92.8,11.5771
1772573435.9886847,322.7229,94.4,10.4431
1772573436.98872,323.723,93.8,10.4294
1772573437.987648,324.7219,93.8,9.1703
1772573438.9894576,325.7237,93.3,11.0413
1772573439.9898942,326.7241,95.4,11.5591
1772573440.9888144,327.7231,93.8,10.3955
1772573441.989381,328.7236,92.8,10.6613
1772573442.9876947,329.7219,95.4,9.4149
1772573443.9896457,330.7239,93.8,11.2884
1772573444.987206,331.7215,94.4,9.2099
1772573445.9890707,332.7233,94.9,10.6492
1772573446.9890501,333.7233,95.4,10.6639
1772573447.9886363,334.7229,90.7,10.5952
1772573448.9899704,335.7242,94.3,11.5597
1772573449.9884307,336.7227,93.8,10.0346
1772573450.9891546,337.7234,97.5,10.8129
1772573451.9863813,338.7206,93.3,8.0823
1772573452.9886973,339.7229,94.4,10.2611
1772573453.9903066,340.7246,92.8,11.859
1772573454.9870152,341.7213,94.4,8.5825
1772573455.9890761,342.7233,95.4,10.6058
1772573456.990407,343.7247,94.9,12.1044
1772573457.9886658,344.7229,92.8,10.3306
1772573458.9858503,345.7201,95.4,7.5616
1772573459.9879007,346.7221,93.8,9.5702
1772573460.9889278,347.7232,91.7,10.3386
1772573461.9910681,348.7253,93.8,12.2616
1772573462.9896562,349.7239,97.5,11.2517
1772573463.9866982,350.7209,92.3,8.227
1772573464.9884167,351.7227,94.4,10.0584
1772573465.9910579,352.7253,94.9,12.5635
1772573466.987277,353.7215,94.9,8.8089
1772573467.9874308,354.7217,93.3,8.9092
1772573468.9879756,355.7222,93.3,9.6249
1772573469.9887054,356.723,93.8,10.2659
1772573470.9912033,357.7255,92.3,12.3825
1772573471.9887176,358.723,94.9,10.3231
1772573472.9893858,359.7236,97.0,11.0146
1772573473.98679,360.721,93.8,8.4431
1772573474.9894807,361.7237,93.8,11.1299
1772573475.9897962,362.724,92.8,11.4513
1772573476.9884434,363.7227,93.8,9.9576
1772573477.989688,364.7239,97.0,11.3266
1772573478.9868946,365.7211,90.2,8.4946
1772573479.9897735,366.724,96.4,11.4898
1772573480.9896867,367.7239,92.8,11.2425
1772573481.9884446,368.7227,96.4,10.074
1772573482.987374,369.7216,92.8,8.9367
1772573483.9879236,370.7222,93.8,9.6328
1772573484.9887514,371.723,95.4,10.4639
1772573485.98787,372.7221,91.2,9.4662
1772573486.989149,373.7234,96.4,10.7692
1772573487.9886057,374.7229,92.8,10.277
1772573488.990925,375.7252,95.9,12.121
1772573489.9894786,376.7237,92.8,10.9453
1772573490.989732,377.724,96.4,11.3744
1772573491.9891033,378.7234,92.8,10.759
1772573492.9909503,379.7252,92.8,12.6184
1772573493.9913146,380.7256,94.4,12.9104
1772573494.9902282,381.7245,95.4,11.8903
1772573495.987024,382.7213,94.9,8.5923
1772573496.988332,383.7226,93.3,9.8819
1772573497.9909089,384.7252,95.4,12.4668
1772573498.989437,385.7237,92.3,10.9566
1772573499.989814,386.7241,94.4,11.3253
1772573500.9886482,387.7229,95.4,10.1267
1772573501.9894345,388.7237,92.8,10.9194
1772573502.9871893,389.7214,95.9,8.8041
1772573503.988598,390.7228,94.4,10.1877
1772573504.9909015,391.7252,92.3,12.5472
1772573505.9905744,392.7248,92.3,12.1814
1772573506.9890814,393.7233,97.5,10.6871
1772573507.9895139,394.7238,94.4,11.0589
1772573508.9888012,395.7231,91.7,10.4471
1772573509.990828,396.7251,95.4,12.4022
1772573510.9894795,397.7237,94.9,11.2286
1772573511.9894307,398.7237,91.7,10.9991
1772573512.9896934,399.7239,95.9,11.3393
1772573513.9882648,400.7225,92.8,9.8052
1772573514.9886398,401.7229,95.9,10.3608
1772573515.9905322,402.7248,92.8,12.2331
1772573516.989897,403.7241,96.4,11.7199
1772573517.9878793,404.7221,92.8,9.4074
1772573518.9889896,405.7232,92.3,10.4582
1772573519.990605,406.7249,95.9,12.135
1772573520.9908082,407.7251,92.3,12.2343
1772573521.9872675,408.7215,94.9,8.8601
1772573522.9911177,409.7254,96.4,12.7162
1772573523.9897003,410.7239,93.3,11.3689
1772573524.987896,411.7221,92.3,9.5967
1772573525.9903972,412.7246,93.8,11.9619
1772573526.9908063,413.7251,93.8,12.3343
1772573527.9894106,414.7237,93.8,11.0497
1772573528.9898033,415.7241,95.4,11.4466
1772573529.988507,416.7228,95.9,10.1989
1772573530.990074,417.7243,92.8,11.2411
1772573531.9913306,418.7256,92.3,12.9177
1772573532.989692,419.7239,96.4,11.3706
1772573533.9897838,420.724,93.8,11.3638
1772573534.987292,421.7215,93.3,8.8157
1772573535.9898129,422.7241,93.3,11.2721
1772573536.991624,423.7259,97.5,13.1121
1772573537.9900386,424.7243,91.7,11.7458
1772573538.990705,425.725,92.8,12.4395
1772573539.988853,426.7231,95.9,10.4681
1772573540.9897308,427.724,93.8,11.2485
1772573541.9877977,428.722,93.3,9.412
1772573542.9900272,429.7243,95.4,11.6089
1772573543.991532,430.7258,92.2,12.7788
1772573544.989328,431.7236,97.0,10.9777
1772573545.9878626,432.7221,92.8,9.0544
1772573546.9902928,433.7245,92.8,11.8243
1772573547.9898047,434.7241,94.9,11.1931
1772573548.9893017,435.7236,94.4,10.7842
1772573549.9892163,436.7235,95.9,10.8173
1772573550.9899604,437.7242,93.3,11.5667
1772573551.9908555,438.7251,95.4,11.9713
1772573552.9892597,439.7235,92.8,10.7692
1772573553.9871192,440.7214,92.8,8.7961
1772573554.9893591,441.7236,96.4,11.0211
1772573555.9879978,442.7222,92.8,9.6963
1772573556.9902449,443.7245,95.9,11.9696
1772573557.9883697,444.7226,91.7,10.1163
1772573558.9897509,445.724,97.0,11.4838
1772573559.9894047,446.7237,91.7,11.1468
1772573560.9918702,447.7261,96.4,13.6233
1772573561.9887066,448.723,93.8,10.3087
1772573562.989113,449.7234,94.4,10.5919
1772573563.9893312,450.7236,93.3,10.8978
1772573564.9899068,451.7242,95.4,11.5469
1772573565.9901526,452.7244,90.7,11.821
1772573566.9888382,453.7231,94.4,10.5441
1772573567.9893692,454.7236,97.0,11.0275
1772573568.9871428,455.7214,91.7,8.9045
1772573569.989417,456.7237,97.0,11.0885
1772573570.9901314,457.7244,92.8,11.7787
1772573571.9906363,458.7249,93.8,12.1727
1772573572.9893038,459.7236,94.9,10.891
1772573573.991812,460.7261,91.2,13.4669
1772573574.9891584,461.7234,96.4,10.7558
1772573575.9907033,462.725,95.4,12.4894
1772573576.9911377,463.7254,92.3,12.7324
1772573577.9899373,464.7242,94.4,11.5114
1772573578.992119,465.7264,92.8,13.6526
1772573579.9892616,466.7235,95.9,10.9707
1772573580.9907973,467.725,91.7,12.3628
1772573581.9889884,468.7232,95.9,10.7165
1772573582.9881372,469.7224,93.8,9.7129
1772573583.9883668,470.7226,93.8,9.9219
1772573584.9889245,471.7232,96.4,10.445
1772573585.9894693,472.7237,91.7,10.6952
1772573586.9895983,473.7238,95.9,11.2515
1772573587.9904501,474.7247,94.9,12.0824
1772573588.990284,475.7245,91.2,11.8345
1772573589.9881597,476.7224,93.8,9.736
1772573590.9906452,477.7249,94.9,11.8908
1772573591.9894228,478.7237,95.9,11.0354
1772573592.9901683,479.7244,91.7,11.858
1772573593.9887478,480.723,97.5,10.4037
1772573594.9882896,481.7225,92.8,9.8361
1772573595.988862,482.7231,92.8,10.5657
1772573596.9892929,483.7235,96.4,10.8972
1772573597.9900463,484.7243,91.2,11.7058
1772573598.9905994,485.7248,97.0,12.2399
1772573599.9893098,486.7236,93.3,10.9208
1772573600.9875722,487.7218,92.3,9.1665
1772573601.9895651,488.7238,95.9,11.234
1772573602.9904106,489.7247,93.8,12.0365
1772573603.9865232,490.7208,92.3,8.2691
1772573604.9887345,491.723,94.9,10.5611
1772573605.9893312,492.7236,93.3,10.8353
1772573606.989405,493.7237,98.6,11.1639
1772573607.988036,494.7223,91.7,9.7895
